ID,Component,Component Describe,Epic,Epic Describe,Story,Story Description,SP,Priority,Sprint,Release,Status,Start Date,End Date,Attach Link
US-001,Danh mục,Quản lý dữ liệu tĩnh/tham chiếu dùng chung,Quản lý Nhân sự,"Lưu trữ danh sách nhân viên kho, phân ca, lịch nghỉ, làm thêm giờ và phân quyền Plant/SLoc",Xem danh sách nhân sự [Web/Mobile],"Với vai trò là **Quản lý Kho/Thủ kho**, tôi muốn xem danh sách nhân sự trong hệ thống trên Web và Mobile, tìm kiếm theo tên/mã nhân viên và lọc theo Plant/phòng ban/chức vụ/trạng thái.",3,High,sprint 2,V1.0.0,committed,16/08/2026,30/08/2026,
US-002,Danh mục,Quản lý dữ liệu tĩnh/tham chiếu dùng chung,Quản lý Nhân sự,"Lưu trữ danh sách nhân viên kho, phân ca, lịch nghỉ, làm thêm giờ và phân quyền Plant/SLoc",Xem chi tiết nhân sự [Web/Mobile],"Với vai trò là **Quản lý Kho/Thủ kho**, tôi muốn xem chi tiết hồ sơ nhân sự trên Web và Mobile bao gồm lịch sử công tác và quyền hạn của nhân viên.",2,Medium,sprint 2,V1.0.0,committed,16/08/2026,30/08/2026,
US-003,Danh mục,Quản lý dữ liệu tĩnh/tham chiếu dùng chung,Quản lý Nhân sự,"Lưu trữ danh sách nhân viên kho, phân ca, lịch nghỉ, làm thêm giờ và phân quyền Plant/SLoc",Sửa thông tin nhân sự [Web/Mobile],"Với vai trò là **Quản lý Kho/Thủ kho**, tôi muốn chỉnh sửa thông tin ca làm việc, Plant/Sloc phụ trách và vai trò kiêm nhiệm của nhân viên trên Web và Mobile.",3,High,sprint 2,V1.0.0,committed,16/08/2026,30/08/2026,
US-057,Danh mục,Quản lý dữ liệu tĩnh/tham chiếu dùng chung,Quản lý Nhân sự,"Lưu trữ danh sách nhân viên kho, phân ca, lịch nghỉ, làm thêm giờ và phân quyền Plant/SLoc",Đăng ký lịch nghỉ làm [Web/Mobile],"Với vai trò là **Nhân viên kho**, tôi muốn gửi yêu cầu đăng ký lịch nghỉ làm (nghỉ phép, nghỉ ốm, nghỉ việc riêng) trên Web và Mobile để Quản lý kho duyệt.",3,High,sprint 2,V1.0.0,committed,16/08/2026,30/08/2026,
US-058,Danh mục,Quản lý dữ liệu tĩnh/tham chiếu dùng chung,Quản lý Nhân sự,"Lưu trữ danh sách nhân viên kho, phân ca, lịch nghỉ, làm thêm giờ và phân quyền Plant/SLoc",Đăng ký làm thêm giờ [Web/Mobile],"Với vai trò là **Nhân viên kho**, tôi muốn gửi yêu cầu đăng ký làm thêm giờ (OT) trên Web và Mobile để ghi nhận ngày công tăng ca.",3,High,sprint 2,V1.0.0,committed,16/08/2026,30/08/2026,
US-069,Danh mục,Quản lý dữ liệu tĩnh/tham chiếu dùng chung,Quản lý Nhân sự,"Lưu trữ danh sách nhân viên kho, phân ca, lịch nghỉ, làm thêm giờ và phân quyền Plant/SLoc",Tra cứu nhân sự & ca trực [Web/Mobile],"Với vai trò là **Nhân viên kho/Lái xe nâng**, tôi muốn tra cứu danh sách đồng nghiệp và thông tin ca trực tại kho trên Web và Mobile để tiện phối hợp.",2,Low,—,V1.0.0,planned,—,—,
US-004,Danh mục,Quản lý dữ liệu tĩnh/tham chiếu dùng chung,Quản lý Công cụ lưu trữ (CCLT),"Chuẩn hóa thông số Pallet, thùng chứa, bao bì đóng gói và thẻ RFID",Xem danh sách công cụ lưu trữ [Web/Mobile],"Với vai trò là **Quản trị viên Kho/Thủ kho**, tôi muốn xem danh sách các công cụ lưu trữ hiện có (Pallet, Thùng gỗ, Thùng carton...) trên Web và Mobile.",3,High,sprint 2,V1.0.0,committed,16/08/2026,30/08/2026,
US-005,Danh mục,Quản lý dữ liệu tĩnh/tham chiếu dùng chung,Quản lý Công cụ lưu trữ (CCLT),"Chuẩn hóa thông số Pallet, thùng chứa, bao bì đóng gói và thẻ RFID",Thêm mới công cụ lưu trữ [Web/Mobile],"Với vai trò là **Quản trị viên Kho**, tôi muốn thêm mới một loại công cụ lưu trữ mới với thông số tên, loại, mô tả, và số lượng ban đầu trên Web và Mobile.",3,High,sprint 2,V1.0.0,committed,16/08/2026,30/08/2026,
US-006,Danh mục,Quản lý dữ liệu tĩnh/tham chiếu dùng chung,Quản lý Công cụ lưu trữ (CCLT),"Chuẩn hóa thông số Pallet, thùng chứa, bao bì đóng gói và thẻ RFID",Xem chi tiết công cụ lưu trữ [Web/Mobile],"Với vai trò là **Quản trị viên Kho/Thủ kho**, tôi muốn xem chi tiết thông số kỹ thuật, mã RFID gán cho công cụ và lịch sử xuất/nhập trên Web và Mobile.",2,Medium,sprint 2,V1.0.0,committed,16/08/2026,30/08/2026,
US-007,Danh mục,Quản lý dữ liệu tĩnh/tham chiếu dùng chung,Quản lý Công cụ lưu trữ (CCLT),"Chuẩn hóa thông số Pallet, thùng chứa, bao bì đóng gói và thẻ RFID",Sửa công cụ lưu trữ [Web/Mobile],"Với vai trò là **Quản trị viên Kho**, tôi muốn chỉnh sửa tên, loại, mô tả và đơn vị tính của một công cụ lưu trữ hiện có trên Web và Mobile.",2,Medium,sprint 2,V1.0.0,committed,16/08/2026,30/08/2026,
US-008,Danh mục,Quản lý dữ liệu tĩnh/tham chiếu dùng chung,Quản lý Công cụ lưu trữ (CCLT),"Chuẩn hóa thông số Pallet, thùng chứa, bao bì đóng gói và thẻ RFID",Nhập thêm số lượng tồn kho công cụ [Web/Mobile],"Với vai trò là **Quản trị viên Kho**, tôi muốn nhập bổ sung số lượng công cụ lưu trữ và ghi rõ lý do nhập (mua mới, hoàn trả...) trên Web và Mobile.",3,High,sprint 2,V1.0.0,committed,16/08/2026,30/08/2026,
US-070,Danh mục,Quản lý dữ liệu tĩnh/tham chiếu dùng chung,Quản lý Công cụ lưu trữ (CCLT),"Chuẩn hóa thông số Pallet, thùng chứa, bao bì đóng gói và thẻ RFID",Quét tra cứu & gán mã RFID công cụ [Web/Mobile],"Với vai trò là **Nhân viên kho**, tôi muốn dùng thiết bị Mobile hoặc máy đọc RFID Web quét thẻ RFID/Barcode trên Pallet/thùng chứa để gán mã nhanh.",3,Medium,—,V1.0.0,planned,—,—,
US-009,Danh mục,Quản lý dữ liệu tĩnh/tham chiếu dùng chung,Quản lý Sản phẩm,Đồng bộ danh mục sản phẩm từ SAP và lưu cấu hình đóng gói,Đồng bộ sản phẩm từ SAP [System/Web],"Với vai trò là **Hệ thống/Thủ kho**, tôi muốn tự động hoặc chủ động đồng bộ danh mục sản phẩm từ SAP về AIWS để dữ liệu SKU luôn đồng nhất.",3,High,sprint 2,V1.0.0,committed,16/08/2026,30/08/2026,
US-010,Danh mục,Quản lý dữ liệu tĩnh/tham chiếu dùng chung,Quản lý Sản phẩm,Đồng bộ danh mục sản phẩm từ SAP và lưu cấu hình đóng gói,Xem danh sách sản phẩm [Web/Mobile],"Với vai trò là **Thủ kho/Nhân viên kho**, tôi muốn xem danh sách sản phẩm, tìm kiếm theo tên/mã sản phẩm và lọc theo danh mục trên Web và Mobile.",2,Medium,sprint 2,V1.0.0,committed,16/08/2026,30/08/2026,
US-011,Danh mục,Quản lý dữ liệu tĩnh/tham chiếu dùng chung,Quản lý Sản phẩm,Đồng bộ danh mục sản phẩm từ SAP và lưu cấu hình đóng gói,Xem chi tiết sản phẩm [Web/Mobile],"Với vai trò là **Thủ kho/Nhân viên kho**, tôi muốn xem chi tiết thông tin sản phẩm bao gồm kích thước đóng gói, quy cách, hình ảnh và tồn kho trên Web/Mobile.",2,Low,sprint 2,V1.0.0,committed,16/08/2026,30/08/2026,
US-071,Danh mục,Quản lý dữ liệu tĩnh/tham chiếu dùng chung,Quản lý Sản phẩm,Đồng bộ danh mục sản phẩm từ SAP và lưu cấu hình đóng gói,Quét Barcode/QR tra cứu sản phẩm [Web/Mobile],"Với vai trò là **Nhân viên kho**, tôi muốn quét mã vạch Barcode/QR trên vỏ hộp bằng ứng dụng Mobile/Web để xem tên SKU và vị trí tồn kho.",2,High,—,V1.0.0,planned,—,—,
US-012,Danh mục,Quản lý dữ liệu tĩnh/tham chiếu dùng chung,Quản lý Đối tác,Đồng bộ thông tin nhà cung cấp và đối tác vận chuyển từ SAP,Đồng bộ đối tác từ SAP [System/Web],"Với vai trò là **Hệ thống/Thủ kho**, tôi muốn đồng bộ danh sách đối tác (nhà cung cấp, khách hàng, nhà xe) từ hệ thống SAP sang AIWS.",3,High,—,V1.0.0,planned,—,—,
US-013,Danh mục,Quản lý dữ liệu tĩnh/tham chiếu dùng chung,Quản lý Đối tác,Đồng bộ thông tin nhà cung cấp và đối tác vận chuyển từ SAP,Xem danh sách đối tác [Web/Mobile],"Với vai trò là **Thủ kho/Quản lý kho**, tôi muốn tra cứu và lọc danh sách đối tác theo loại hình trên Web và Mobile.",2,Medium,—,V1.0.0,planned,—,—,
US-014,Danh mục,Quản lý dữ liệu tĩnh/tham chiếu dùng chung,Quản lý Đối tác,Đồng bộ thông tin nhà cung cấp và đối tác vận chuyển từ SAP,Xem chi tiết đối tác [Web/Mobile],"Với vai trò là **Thủ kho/Quản lý kho**, tôi muốn xem chi tiết thông tin liên hệ, lịch sử giao dịch và thông tin hợp đồng của đối tác trên Web và Mobile.",2,Low,—,V1.0.0,planned,—,—,
US-072,Danh mục,Quản lý dữ liệu tĩnh/tham chiếu dùng chung,Quản lý Đối tác,Đồng bộ thông tin nhà cung cấp và đối tác vận chuyển từ SAP,Tra cứu nhanh thông tin đối tác [Web/Mobile],"Với vai trò là **Bảo vệ/Phụ kho**, tôi muốn xem nhanh danh sách và thông tin liên hệ đối tác giao hàng/nhà xe trên Web và Mobile khi xe tới cổng kho.",2,Low,—,V1.0.0,planned,—,—,
US-015,Danh mục,Quản lý dữ liệu tĩnh/tham chiếu dùng chung,Quản lý Phương tiện,"Quản lý danh sách xe tải, tải trọng, thể tích vận chuyển",Xem danh sách phương tiện [Web/Mobile],"Với vai trò là **Quản lý Logistics**, tôi muốn xem danh sách các phương tiện vận chuyển đăng ký trong hệ thống trên Web và Mobile và lọc theo biển số.",2,High,—,V1.0.0,planned,—,—,
US-016,Danh mục,Quản lý dữ liệu tĩnh/tham chiếu dùng chung,Quản lý Phương tiện,"Quản lý danh sách xe tải, tải trọng, thể tích vận chuyển",Thêm mới phương tiện vận chuyển [Web/Mobile],"Với vai trò là **Quản lý Logistics**, tôi muốn đăng ký một phương tiện vận chuyển mới với biển số, loại xe, tải trọng và thể tích chứa hàng trên Web và Mobile.",3,High,—,V1.0.0,planned,—,—,
US-073,Danh mục,Quản lý dữ liệu tĩnh/tham chiếu dùng chung,Quản lý Phương tiện,"Quản lý danh sách xe tải, tải trọng, thể tích vận chuyển",Tra cứu phương tiện & tài xế phụ trách [Web/Mobile],"Với vai trò là **Bảo vệ/Điều phối**, tôi muốn tra cứu thông tin phương tiện và tài xế phụ trách trên Web và Mobile để kiểm soát xe ra vào kho.",2,Medium,—,V1.0.0,planned,—,—,
US-017,Cấu hình,Tham số và quy tắc vận hành hệ thống,Quản lý Tuyến đường,Quy hoạch tuyến đường nhận hàng và lộ trình giao vận,Cấu hình tuyến đường vận chuyển [Web/Mobile],"Với vai trò là **Quản lý Logistics**, tôi muốn xem và thiết lập các tuyến đường vận chuyển hàng hóa nội bộ hoặc từ nhà cung cấp trên Web và Mobile.",3,Medium,—,V1.0.0,planned,—,—,
US-018,Cấu hình,Tham số và quy tắc vận hành hệ thống,Quản lý KPI,Thiết lập thời gian chuẩn (Leadtime) và SLA cho từng bước nghiệp vụ,Xem danh sách KPI chuẩn [Web/Mobile],"Với vai trò là **Quản lý Kho**, tôi muốn xem danh sách các chỉ tiêu KPI/SLA áp dụng cho từng nhiệm vụ/phòng ban trên Web và Mobile.",2,Medium,sprint 2,V1.0.0,committed,16/08/2026,30/08/2026,
US-019,Cấu hình,Tham số và quy tắc vận hành hệ thống,Quản lý KPI,Thiết lập thời gian chuẩn (Leadtime) và SLA cho từng bước nghiệp vụ,Cấu hình KPI & SLA chi tiết [Web],"Với vai trò là **Quản lý Kho**, tôi muốn thiết lập trọng số, công thức tính và điều chỉnh thời gian Leadtime chuẩn cho từng loại task trên Web.",3,High,sprint 2,V1.0.0,committed,16/08/2026,30/08/2026,
US-020,Cấu hình,Tham số và quy tắc vận hành hệ thống,Quản lý Chân ký,Thiết lập luồng phê duyệt và trình ký tự động qua VOffice,Xem danh sách mẫu chân ký [Web/Mobile],"Với vai trò là **Quản trị viên Kho/Thủ kho**, tôi muốn xem danh sách các mẫu chân ký và luồng ký số duyệt chứng từ đang có trên Web và Mobile.",2,High,sprint 2,V1.0.0,committed,16/08/2026,30/08/2026,
US-021,Cấu hình,Tham số và quy tắc vận hành hệ thống,Quản lý Chân ký,Thiết lập luồng phê duyệt và trình ký tự động qua VOffice,Thêm mới mẫu chân ký [Web],"Với vai trò là **Quản trị viên Kho**, tôi muốn tải lên chữ ký số/ảnh chữ ký và gán cho người dùng hoặc chức vụ tương ứng trên Web để tạo luồng ký VOffice.",3,High,sprint 2,V1.0.0,committed,16/08/2026,30/08/2026,
US-022,Cấu hình,Tham số và quy tắc vận hành hệ thống,Quản lý Chân ký,Thiết lập luồng phê duyệt và trình ký tự động qua VOffice,Chỉnh sửa mẫu chân ký [Web],"Với vai trò là **Quản trị viên Kho**, tôi muốn chỉnh sửa thông tin người ký hoặc cập nhật lại ảnh chữ ký trong mẫu chân ký hiện có trên Web.",2,Medium,sprint 2,V1.0.0,committed,16/08/2026,30/08/2026,
US-023,Cấu hình,Tham số và quy tắc vận hành hệ thống,Quản lý Chân ký,Thiết lập luồng phê duyệt và trình ký tự động qua VOffice,Xem chi tiết mẫu chân ký [Web/Mobile],"Với vai trò là **Quản trị viên Kho/Thủ kho**, tôi muốn xem chi tiết thông tin mẫu chân ký bao gồm danh sách người sở hữu và lịch sử ký duyệt trên Web/Mobile.",2,Low,sprint 2,V1.0.0,committed,16/08/2026,30/08/2026,
US-051-A,Cấu hình,Tham số và quy tắc vận hành hệ thống,Quản lý RFID,Cấu hình và gắn mã RFID cho từng ô kệ bãi,Khai báo dải mã RFID vị trí ô kệ [Web/Mobile],Khai báo và quản lý danh mục dải mã thẻ RFID gán cho từng vị trí ô kệ bãi bến trên Web và Mobile.,2,High,sprint 2,V1.0.0,committed,16/08/2026,30/08/2026,
US-051-B,Cấu hình,Tham số và quy tắc vận hành hệ thống,Quản lý RFID,Cấu hình và gắn mã RFID cho từng ô kệ bãi,Quét gán mã RFID vị trí hiện trường [Web/Mobile],Dùng thiết bị Mobile hoặc máy đọc RFID Web quét và ghi đè gán mã RFID thực tế vào ô kệ kho.,3,High,sprint 2,V1.0.0,committed,16/08/2026,30/08/2026,
US-052,Cấu hình,Tham số và quy tắc vận hành hệ thống,Giám sát an ninh,Tích hợp camera AI giám sát cổng và phát cảnh báo an ninh,Giám sát an ninh real-time [Web/Mobile],"Với vai trò là **Nhân viên an ninh/Thủ kho**, tôi muốn theo dõi hình ảnh camera AI giám sát cổng kho theo thời gian thực trên Web và Mobile.",3,Medium,sprint 2,V1.0.0,committed,16/08/2026,30/08/2026,
US-074,Cấu hình,Tham số và quy tắc vận hành hệ thống,Giám sát an ninh,Tích hợp camera AI giám sát cổng và phát cảnh báo an ninh,Nhận cảnh báo an ninh [Web/Mobile],"Với vai trò là **Bảo vệ/Thủ kho**, tôi muốn nhận ngay thông báo đẩy (Push notification) và xem hình ảnh cảnh báo xe lạ/vi phạm an ninh trên Web/Mobile.",3,Medium,—,V1.0.0,planned,—,—,
US-053-A,Cấu hình,Tham số và quy tắc vận hành hệ thống,Phân quyền vai trò,Quản lý phân quyền người dùng không thuộc SAP (non-SAP),Định nghĩa vai trò non-SAP [Web],"Thiết lập danh mục vai trò tác nghiệp kho (Bảo vệ, Lái nâng, Phụ kho, Thủ kho) trên Web.",2,High,sprint 2,V1.0.0,committed,16/08/2026,30/08/2026,
US-053-B,Cấu hình,Tham số và quy tắc vận hành hệ thống,Phân quyền vai trò,Quản lý phân quyền người dùng không thuộc SAP (non-SAP),Gán phân quyền Plant/SLoc cho user [Web],Gán vai trò và giới hạn phạm vi truy cập dữ liệu theo Plant/SLoc cho tài khoản non-SAP trên Web.,3,High,sprint 2,V1.0.0,committed,16/08/2026,30/08/2026,
US-054,Cấu hình,Tham số và quy tắc vận hành hệ thống,Quản lý Hàng hóa,Cập nhật cấu hình đóng gói và vị trí bãi mặc định,Cập nhật cấu hình đóng gói sản phẩm [Web/Mobile],"Với vai trò là **Thủ kho/Quản lý Kho**, tôi muốn cập nhật cấu hình sản phẩm có đóng gói hay không và chỉ định khu vực lưu kho mặc định trên Web/Mobile.",3,High,sprint 2,V1.0.0,committed,16/08/2026,30/08/2026,
US-055-A,Cấu hình,Tham số và quy tắc vận hành hệ thống,Quản lý Quy trình,Cấu hình luồng quy trình nhập/xuất kho theo điều kiện vận hành,Thiết lập quy tắc phân luồng nhập/xuất [Web],"Cấu hình luồng nhập/xuất kho động dựa trên Movement Type, loại hàng hóa và kiểm định KCS trên Web.",3,High,sprint 2,V1.0.0,committed,16/08/2026,30/08/2026,
US-055-B,Cấu hình,Tham số và quy tắc vận hành hệ thống,Quản lý Quy trình,Cấu hình luồng quy trình nhập/xuất kho theo điều kiện vận hành,Khởi tạo chuỗi task tự động [System],Tự động sinh chuỗi task con nối tiếp theo quy tắc luồng quy trình đã cấu hình.,3,High,sprint 2,V1.0.0,committed,16/08/2026,30/08/2026,
US-056-A,Cấu hình,Tham số và quy tắc vận hành hệ thống,Quản lý Quy trình,Tự động kích hoạt task sau & Job tự động phân việc sau 5 phút,Tự động kích hoạt Task kế tiếp [System],Tự động chuyển trạng thái kích hoạt task sau khi task liền trước hoàn thành thành công.,2,High,sprint 2,V1.0.0,committed,16/08/2026,30/08/2026,
US-056-B,Cấu hình,Tham số và quy tắc vận hành hệ thống,Quản lý Quy trình,Tự động kích hoạt task sau & Job tự động phân việc sau 5 phút,Job phân việc tự động sau 5 phút [System],Tự động tìm kiếm và gán task cho nhân viên kho rảnh phù hợp nếu sau 5 phút task chưa có người nhận.,3,High,sprint 2,V1.0.0,committed,16/08/2026,30/08/2026,
US-066-A,Cấu hình,Tham số và quy tắc vận hành hệ thống,Quản lý Thông báo,Tích hợp dịch vụ Push Notification thời gian thực trên di động,Dịch vụ phát Push Notification [System],"Tự động phát Push Notification thời gian thực khi sinh task mới, quá hạn SLA hoặc có cảnh báo an ninh.",3,High,sprint 2,V1.0.0,committed,16/08/2026,30/08/2026,
US-066-B,Cấu hình,Tham số và quy tắc vận hành hệ thống,Quản lý Thông báo,Tích hợp dịch vụ Push Notification thời gian thực trên di động,Giao diện nhận thông báo [Web/Mobile],Hiển thị trung tâm thông báo real-time và danh sách cảnh báo trên Web và ứng dụng Mobile.,2,High,sprint 2,V1.0.0,committed,16/08/2026,30/08/2026,
US-068-A,Cấu hình,Tham số và quy tắc vận hành hệ thống,Quản lý Đăng nhập,Tích hợp dịch vụ xác thực sinh trắc học (Vân tay/Face ID) trên di động,Cấu hình sinh trắc học đa môi trường [Mobile],Cấu hình và tích hợp SDK xác thực sinh trắc học hỗ trợ cả 2 môi trường Staging & Production.,2,High,sprint 2,V1.0.0,committed,16/08/2026,30/08/2026,
US-068-B,Cấu hình,Tham số và quy tắc vận hành hệ thống,Quản lý Đăng nhập,Tích hợp dịch vụ xác thực sinh trắc học (Vân tay/Face ID) trên di động,Đăng nhập bằng Vân tay/Face ID [Mobile],Thực hiện đăng nhập ứng dụng Mobile bằng Vân tay hoặc Face ID được cấu hình trên thiết bị di động.,3,High,sprint 2,V1.0.0,committed,16/08/2026,30/08/2026,
US-075,Cấu hình,Tham số và quy tắc vận hành hệ thống,Quản lý Đăng nhập,Tích hợp xác thực tập trung Viettel SSO,Đăng nhập Viettel SSO [Web/Mobile],Đăng nhập vào WMS Web và Mobile thông qua tài khoản Viettel SSO tập trung doanh nghiệp.,3,High,sprint 1,V1.0.0,committed,01/08/2026,15/08/2026,
US-024,Nhập kho,"Tiếp nhận order từ SAP, điều phối task nhập, cập nhật tồn kho, lập chứng từ & trình ký",Luồng nhập mua mới,Quy trình xử lý từ khi SAP đồng bộ order về AIWS đến khi kho hoàn thành task nhập và đồng bộ trạng thái về SAP.,Danh sách lệnh nhập [Web/Mobile],"Quản lý/xử lý nghiệp vụ danh sách lệnh nhập trên Web và Mobile theo quyền, trạng thái và rule tích hợp.",2,High,sprint 1,V1.0.0,developing,01/08/2026,15/08/2026,
US-025,Nhập kho,"Tiếp nhận order từ SAP, điều phối task nhập, cập nhật tồn kho, lập chứng từ & trình ký",Luồng nhập mua mới,Quy trình xử lý từ khi SAP đồng bộ order về AIWS đến khi kho hoàn thành task nhập và đồng bộ trạng thái về SAP.,Xem chi tiết lệnh nhập - Tab Hàng hóa [Web/Mobile],Xem chi tiết danh mục vật tư/hàng hóa thuộc lệnh nhập trên Web và Mobile theo phân quyền và trạng thái.,2,High,sprint 1,V1.0.0,developing,01/08/2026,15/08/2026,
US-026,Nhập kho,"Tiếp nhận order từ SAP, điều phối task nhập, cập nhật tồn kho, lập chứng từ & trình ký",Luồng nhập mua mới,Quy trình xử lý từ khi SAP đồng bộ order về AIWS đến khi kho hoàn thành task nhập và đồng bộ trạng thái về SAP.,Xem chi tiết lệnh nhập - Tab Chứng từ [Web/Mobile],"Xem và quản lý các chứng từ đính kèm (đơn hàng, hoá đơn, BBBG) của lệnh nhập trên Web và Mobile.",2,Medium,sprint 1,V1.0.0,developing,01/08/2026,15/08/2026,
US-027,Nhập kho,"Tiếp nhận order từ SAP, điều phối task nhập, cập nhật tồn kho, lập chứng từ & trình ký",Luồng nhập mua mới,Quy trình xử lý từ khi SAP đồng bộ order về AIWS đến khi kho hoàn thành task nhập và đồng bộ trạng thái về SAP.,Xem chi tiết lệnh nhập - Tab Task [Web/Mobile],Xem danh sách các task nghiệp vụ con và tiến độ thực hiện thuộc lệnh nhập trên Web và Mobile.,2,High,sprint 1,V1.0.0,developing,01/08/2026,15/08/2026,
US-028,Nhập kho,"Tiếp nhận order từ SAP, điều phối task nhập, cập nhật tồn kho, lập chứng từ & trình ký",Luồng nhập mua mới,Quy trình xử lý từ khi SAP đồng bộ order về AIWS đến khi kho hoàn thành task nhập và đồng bộ trạng thái về SAP.,Xem chi tiết lệnh nhập - Tab Kết quả KCS [Web/Mobile],Xem kết quả đánh giá chất lượng kiểm định KCS của hàng hóa nhập kho trên Web và Mobile.,2,Medium,sprint 1,V1.0.0,developing,01/08/2026,15/08/2026,
US-029,Nhập kho,"Tiếp nhận order từ SAP, điều phối task nhập, cập nhật tồn kho, lập chứng từ & trình ký",Luồng nhập mua mới,Quy trình xử lý từ khi SAP đồng bộ order về AIWS đến khi kho hoàn thành task nhập và đồng bộ trạng thái về SAP.,Xem chi tiết lệnh nhập - Tab Vận chuyển [Web/Mobile],"Xem thông tin chuyến xe, nhà xe và thông tin tài xế giao hàng nhập kho trên Web và Mobile.",2,Medium,sprint 1,V1.0.0,developing,01/08/2026,15/08/2026,
US-030,Nhập kho,"Tiếp nhận order từ SAP, điều phối task nhập, cập nhật tồn kho, lập chứng từ & trình ký",Luồng nhập mua mới,Quy trình xử lý từ khi SAP đồng bộ order về AIWS đến khi kho hoàn thành task nhập và đồng bộ trạng thái về SAP.,Xem chi tiết lệnh nhập - Tab Lịch sử [Web/Mobile],"Xem lịch sử tác động, thay đổi trạng thái và nhật ký xử lý lệnh nhập kho trên Web và Mobile.",2,Low,sprint 1,V1.0.0,developing,01/08/2026,15/08/2026,
US-031,Nhập kho,"Tiếp nhận order từ SAP, điều phối task nhập, cập nhật tồn kho, lập chứng từ & trình ký",Luồng nhập mua mới,Quy trình xử lý từ khi SAP đồng bộ order về AIWS đến khi kho hoàn thành task nhập và đồng bộ trạng thái về SAP.,[Order Nhập] Export Excel [Web],Export danh sách order nhập kho ra file Excel theo bộ điều kiện tìm kiếm trên Web.,2,Low,sprint 1,V1.0.0,developing,01/08/2026,15/08/2026,
US-032,Nhập kho,"Tiếp nhận order từ SAP, điều phối task nhập, cập nhật tồn kho, lập chứng từ & trình ký",Luồng nhập mua mới,Quy trình xử lý từ khi SAP đồng bộ order về AIWS đến khi kho hoàn thành task nhập và đồng bộ trạng thái về SAP.,[Order Nhập] Tìm kiếm nhanh [Web/Mobile],"Tìm kiếm nhanh lệnh nhập theo mã lệnh, số chứng từ trên Web và Mobile.",2,High,sprint 1,V1.0.0,developing,01/08/2026,15/08/2026,
US-033,Nhập kho,"Tiếp nhận order từ SAP, điều phối task nhập, cập nhật tồn kho, lập chứng từ & trình ký",Luồng nhập mua mới,Quy trình xử lý từ khi SAP đồng bộ order về AIWS đến khi kho hoàn thành task nhập và đồng bộ trạng thái về SAP.,[Order Nhập] Tìm kiếm nâng cao [Web/Mobile],"Tìm kiếm order nhập theo nhiều tiêu chí (ngày tạo, trạng thái, nhà cung cấp, loại nhập) trên Web/Mobile.",2,Medium,sprint 1,V1.0.0,developing,01/08/2026,15/08/2026,
US-038,Nhập kho,"Tiếp nhận order từ SAP, điều phối task nhập, cập nhật tồn kho, lập chứng từ & trình ký",Luồng nhập mua mới,Quy trình xử lý từ khi SAP đồng bộ order về AIWS đến khi kho hoàn thành task nhập và đồng bộ trạng thái về SAP.,Xác nhận lệnh nhập [Web/Mobile],Tiếp nhận và xác nhận lệnh nhập kho từ SAP trên Web và Mobile để kích hoạt chuỗi task nghiệp vụ tại kho.,3,High,sprint 1,V1.0.0,developing,01/08/2026,15/08/2026,
US-048-A,Nhập kho,"Tiếp nhận order từ SAP, điều phối task nhập, cập nhật tồn kho, lập chứng từ & trình ký",Luồng nhập mua mới,Quy trình xử lý từ khi SAP đồng bộ order về AIWS đến khi kho hoàn thành task nhập và đồng bộ trạng thái về SAP.,Validate dữ liệu lệnh nhập từ SAP [System],Xử lý API tiếp nhận & kiểm tra tính hợp lệ dữ liệu payload lệnh nhập được SAP/vERP truyền sang.,2,High,sprint 1,V1.0.0,developing,01/08/2026,15/08/2026,
US-048-B,Nhập kho,"Tiếp nhận order từ SAP, điều phối task nhập, cập nhật tồn kho, lập chứng từ & trình ký",Luồng nhập mua mới,Quy trình xử lý từ khi SAP đồng bộ order về AIWS đến khi kho hoàn thành task nhập và đồng bộ trạng thái về SAP.,Tạo Order Nhập & Sinh Task từ SAP [System],Khởi tạo đơn Order Nhập kho chính thức và sinh chuỗi Task nghiệp vụ tương ứng từ dữ liệu SAP.,3,High,sprint 1,V1.0.0,developing,01/08/2026,15/08/2026,
US-034,Nhập kho,"Tiếp nhận order từ SAP, điều phối task nhập, cập nhật tồn kho, lập chứng từ & trình ký",Luồng nhập mua mới,Quy trình xử lý từ khi SAP đồng bộ order về AIWS đến khi kho hoàn thành task nhập và đồng bộ trạng thái về SAP.,Danh sách Task nhập kho [Web/Mobile],Quản lý/xử lý nghiệp vụ danh sách task nhập kho tổng thể trên Web và Mobile.,2,High,sprint 1,V1.0.0,developing,01/08/2026,15/08/2026,
US-035,Nhập kho,"Tiếp nhận order từ SAP, điều phối task nhập, cập nhật tồn kho, lập chứng từ & trình ký",Luồng nhập mua mới,Quy trình xử lý từ khi SAP đồng bộ order về AIWS đến khi kho hoàn thành task nhập và đồng bộ trạng thái về SAP.,[Task Nhập] Export Excel [Web],Export danh sách task nhập kho theo bộ điều kiện tìm kiếm ra Excel.,2,Low,sprint 1,V1.0.0,developing,01/08/2026,15/08/2026,
US-036,Nhập kho,"Tiếp nhận order từ SAP, điều phối task nhập, cập nhật tồn kho, lập chứng từ & trình ký",Luồng nhập mua mới,Quy trình xử lý từ khi SAP đồng bộ order về AIWS đến khi kho hoàn thành task nhập và đồng bộ trạng thái về SAP.,[Task Nhập] Tìm kiếm nhanh [Web/Mobile],Tìm kiếm nhanh task nhập kho theo mã task hoặc mã order trên Web và Mobile.,2,High,sprint 1,V1.0.0,developing,01/08/2026,15/08/2026,
US-037,Nhập kho,"Tiếp nhận order từ SAP, điều phối task nhập, cập nhật tồn kho, lập chứng từ & trình ký",Luồng nhập mua mới,Quy trình xử lý từ khi SAP đồng bộ order về AIWS đến khi kho hoàn thành task nhập và đồng bộ trạng thái về SAP.,[Task Nhập] Tìm kiếm nâng cao [Web/Mobile],"Tìm kiếm task nhập kho theo người phụ trách, trạng thái, bước quy trình trên Web và Mobile.",2,Medium,sprint 1,V1.0.0,developing,01/08/2026,15/08/2026,
US-039-A,Nhập kho,"Tiếp nhận order từ SAP, điều phối task nhập, cập nhật tồn kho, lập chứng từ & trình ký",Luồng nhập mua mới,Quy trình xử lý từ khi SAP đồng bộ order về AIWS đến khi kho hoàn thành task nhập và đồng bộ trạng thái về SAP.,Thiết lập luật giao việc tự động [Web/Mobile],"Cấu hình quy tắc giao việc nhập kho dựa trên kỹ năng, ca trực và tải công việc của nhân viên.",2,Medium,sprint 1,V1.0.0,developing,01/08/2026,15/08/2026,
US-039-B,Nhập kho,"Tiếp nhận order từ SAP, điều phối task nhập, cập nhật tồn kho, lập chứng từ & trình ký",Luồng nhập mua mới,Quy trình xử lý từ khi SAP đồng bộ order về AIWS đến khi kho hoàn thành task nhập và đồng bộ trạng thái về SAP.,Duyệt & gán việc tự động [Web/Mobile],Thực hiện duyệt lịch giao việc và tự động gán Task nhập kho cho nhân viên phù hợp.,3,Medium,sprint 1,V1.0.0,developing,01/08/2026,15/08/2026,
US-050,Nhập kho,"Tiếp nhận order từ SAP, điều phối task nhập, cập nhật tồn kho, lập chứng từ & trình ký",Luồng nhập mua mới,Quy trình xử lý từ khi SAP đồng bộ order về AIWS đến khi kho hoàn thành task nhập và đồng bộ trạng thái về SAP.,Phân công lại người phụ trách task [Web/Mobile],Người quản lý kho phân công lại task con hoặc đổi người phụ trách lệnh nhập kho trên Web và Mobile.,3,Medium,sprint 1,V1.0.0,developing,01/08/2026,15/08/2026,
US-067,Nhập kho,"Tiếp nhận order từ SAP, điều phối task nhập, cập nhật tồn kho, lập chứng từ & trình ký",Luồng nhập mua mới,Quy trình xử lý từ khi SAP đồng bộ order về AIWS đến khi kho hoàn thành task nhập và đồng bộ trạng thái về SAP.,Nút nhận việc tại màn chi tiết Task [Web/Mobile],"Bấm ""Nhận việc"" (Claim Task) trực tiếp trên màn chi tiết Task ở Web và Mobile để bắt đầu công việc.",3,High,sprint 2,V1.0.0,committed,16/08/2026,30/08/2026,
US-077,Nhập kho,"Tiếp nhận order từ SAP, điều phối task nhập, cập nhật tồn kho, lập chứng từ & trình ký",Luồng nhập mua mới,Quy trình xử lý từ khi SAP đồng bộ order về AIWS đến khi kho hoàn thành task nhập và đồng bộ trạng thái về SAP.,Danh sách Task nhập kho cá nhân [Web/Mobile],Xem danh sách các task nhập kho được giao cho riêng mình trên Web và Mobile để tiện theo dõi.,2,High,—,V1.0.0,planned,—,—,
US-040,Nhập kho,"Tiếp nhận order từ SAP, điều phối task nhập, cập nhật tồn kho, lập chứng từ & trình ký",Thực thi Nhập kho,Các bước tác nghiệp thực tế tại hiện trường kho,Kiểm hàng & Ký BBBG nhập [Web/Mobile],Thực hiện kiểm đếm thực tế số lượng hàng nhập và ký biên bản bàn giao với nhà vận chuyển trên Web/Mobile.,3,High,sprint 1,V1.0.0,developing,01/08/2026,15/08/2026,
US-041,Nhập kho,"Tiếp nhận order từ SAP, điều phối task nhập, cập nhật tồn kho, lập chứng từ & trình ký",Thực thi Nhập kho,Các bước tác nghiệp thực tế tại hiện trường kho,Dỡ hàng tại bến [Web/Mobile],Ghi nhận hoàn thành task dỡ hàng từ phương tiện vận chuyển xuống khu vực tập kết trên Web/Mobile.,3,High,sprint 1,V1.0.0,developing,01/08/2026,15/08/2026,
US-042,Nhập kho,"Tiếp nhận order từ SAP, điều phối task nhập, cập nhật tồn kho, lập chứng từ & trình ký",Thực thi Nhập kho,Các bước tác nghiệp thực tế tại hiện trường kho,Đưa vào khu chờ nhập [Web/Mobile],Ghi nhận chuyển hàng vào khu vực chờ nhập (Staging In Area) trên Web/Mobile.,3,High,sprint 1,V1.0.0,developing,01/08/2026,15/08/2026,
US-078,Nhập kho,"Tiếp nhận order từ SAP, điều phối task nhập, cập nhật tồn kho, lập chứng từ & trình ký",Thực thi Nhập kho,Các bước tác nghiệp thực tế tại hiện trường kho,Cập nhật kết quả KCS [Web/Mobile],Cập nhật kết quả kiểm tra chất lượng KCS (Đạt / Không đạt / Chờ xử lý) cho lô hàng nhập trên Web/Mobile.,3,High,—,V1.0.0,planned,—,—,
US-045,Nhập kho,"Tiếp nhận order từ SAP, điều phối task nhập, cập nhật tồn kho, lập chứng từ & trình ký",Thực thi Nhập kho,Các bước tác nghiệp thực tế tại hiện trường kho,Đưa hàng ra khu đóng gói [Web/Mobile],Ghi nhận di chuyển hàng từ khu chờ nhập ra khu vực đóng gói và dán tem trên Web/Mobile.,3,High,sprint 1,V1.0.0,developing,01/08/2026,15/08/2026,
US-046,Nhập kho,"Tiếp nhận order từ SAP, điều phối task nhập, cập nhật tồn kho, lập chứng từ & trình ký",Thực thi Nhập kho,Các bước tác nghiệp thực tế tại hiện trường kho,Đóng gói hàng & In tem RFID/Barcode [Web/Mobile],Thực hiện đóng gói lại và in dán tem nhãn Barcode/RFID cho công cụ lưu trữ/thùng hàng trên Web/Mobile.,3,High,sprint 1,V1.0.0,developing,01/08/2026,15/08/2026,
US-043,Nhập kho,"Tiếp nhận order từ SAP, điều phối task nhập, cập nhật tồn kho, lập chứng từ & trình ký",Thực thi Nhập kho,Các bước tác nghiệp thực tế tại hiện trường kho,Thực nhập kho [Web/Mobile],Ghi nhận số lượng thực nhập và cập nhật tăng tồn kho thực tế trên hệ thống Web/Mobile.,3,High,sprint 1,V1.0.0,developing,01/08/2026,15/08/2026,
US-047,Nhập kho,"Tiếp nhận order từ SAP, điều phối task nhập, cập nhật tồn kho, lập chứng từ & trình ký",Thực thi Nhập kho,Các bước tác nghiệp thực tế tại hiện trường kho,Đưa vào lưu trữ / Putaway [Web/Mobile],"Thực hiện cất hàng vào ô kệ theo đề xuất trí thông minh AI/Rule của hệ thống, quét Barcode/RFID xác nhận trên Web/Mobile.",3,High,sprint 1,V1.0.0,developing,01/08/2026,15/08/2026,
US-059-A,Nhập kho,"Tiếp nhận order từ SAP, điều phối task nhập, cập nhật tồn kho, lập chứng từ & trình ký",Thực thi Nhập kho,Các bước tác nghiệp thực tế tại hiện trường kho,Chụp & nén ảnh minh chứng task [Web/Mobile],Chụp ảnh thực tế và tự động nén kích thước ảnh trước khi tải lên hệ thống trên Web/Mobile.,2,High,sprint 2,V1.0.0,committed,16/08/2026,30/08/2026,
US-059-B,Nhập kho,"Tiếp nhận order từ SAP, điều phối task nhập, cập nhật tồn kho, lập chứng từ & trình ký",Thực thi Nhập kho,Các bước tác nghiệp thực tế tại hiện trường kho,Đính kèm & lưu trữ ảnh minh chứng [Web/Mobile],Gán và lưu trữ ảnh minh chứng hoàn thành vào chi tiết hồ sơ Task nhập kho tương ứng.,2,High,sprint 2,V1.0.0,committed,16/08/2026,30/08/2026,
US-060-A,Nhập kho,Quản lý chứng từ & phiếu nhập kho dưới dạng PDF và trình ký VOffice,Quản lý Tài liệu Nhập kho,"Tạo, lưu trữ và trình ký các chứng từ nhập kho",Render template PDF Phiếu Nhập Kho [Web/Mobile],Thiết kế & tổng hợp dữ liệu chi tiết order nhập để render ra file PDF Phiếu Nhập Kho chuẩn.,3,High,sprint 2,V1.0.0,committed,16/08/2026,30/08/2026,
US-060-B,Nhập kho,Quản lý chứng từ & phiếu nhập kho dưới dạng PDF và trình ký VOffice,Quản lý Tài liệu Nhập kho,"Tạo, lưu trữ và trình ký các chứng từ nhập kho",Preview & In Phiếu Nhập Kho [Web/Mobile],Xem trước (Preview) và kết nối máy in để in Phiếu Nhập Kho trực tiếp từ Web và Mobile.,2,High,sprint 2,V1.0.0,committed,16/08/2026,30/08/2026,
US-062-A,Nhập kho,Quản lý chứng từ & phiếu nhập kho dưới dạng PDF và trình ký VOffice,Quản lý Tài liệu Nhập kho,"Tạo, lưu trữ và trình ký các chứng từ nhập kho",Render PDF Biên Bản Bàn Giao Nhập [Web/Mobile],Tổng hợp dữ liệu số lượng kiểm đếm thực tế để tạo file PDF Biên bản bàn giao nhập kho.,3,High,sprint 2,V1.0.0,committed,16/08/2026,30/08/2026,
US-062-B,Nhập kho,Quản lý chứng từ & phiếu nhập kho dưới dạng PDF và trình ký VOffice,Quản lý Tài liệu Nhập kho,"Tạo, lưu trữ và trình ký các chứng từ nhập kho",Ký số & Lưu trữ PDF BBBG Nhập [Web/Mobile],Ký điện tử giao nhận trên màn hình Web/Mobile và lưu trữ tệp PDF BBBG Nhập vào kho tài liệu.,2,High,sprint 2,V1.0.0,committed,16/08/2026,30/08/2026,
US-044-A,Nhập kho,Quản lý chứng từ & phiếu nhập kho dưới dạng PDF và trình ký VOffice,Quản lý Tài liệu Nhập kho,"Tạo, lưu trữ và trình ký các chứng từ nhập kho",Tạo hồ sơ trình ký VOffice [Web/Mobile],Đóng gói tệp PDF phiếu nhập và gán danh sách người ký VOffice tương ứng.,2,High,sprint 1,V1.0.0,developing,01/08/2026,15/08/2026,
US-044-B,Nhập kho,Quản lý chứng từ & phiếu nhập kho dưới dạng PDF và trình ký VOffice,Quản lý Tài liệu Nhập kho,"Tạo, lưu trữ và trình ký các chứng từ nhập kho",Gửi trình ký & Nhận phản hồi VOffice [Web/Mobile],Kết nối API gửi trình ký VOffice và tự động cập nhật trạng thái phê duyệt về hệ thống WMS.,3,High,sprint 1,V1.0.0,developing,01/08/2026,15/08/2026,
US-065-A,Nhập kho,Quản lý chứng từ & phiếu nhập kho dưới dạng PDF và trình ký VOffice,Quản lý Tài liệu Nhập kho,"Tạo, lưu trữ và trình ký các chứng từ nhập kho",Gom hồ sơ trình ký hàng loạt [Web/Mobile],Chọn danh sách nhiều phiếu nhập kho cùng lúc và kiểm tra tính hợp lệ trước khi trình ký VOffice.,2,High,sprint 2,V1.0.0,committed,16/08/2026,30/08/2026,
US-065-B,Nhập kho,Quản lý chứng từ & phiếu nhập kho dưới dạng PDF và trình ký VOffice,Quản lý Tài liệu Nhập kho,"Tạo, lưu trữ và trình ký các chứng từ nhập kho",Gửi trình ký hàng loạt VOffice [Web/Mobile],Thực thi gửi trình ký tập trung hàng loạt tệp phiếu nhập sang VOffice và đồng bộ kết quả.,3,High,sprint 2,V1.0.0,committed,16/08/2026,30/08/2026,
US-079,Nhập kho,Quản lý chứng từ & phiếu nhập kho dưới dạng PDF và trình ký VOffice,Quản lý Tài liệu Nhập kho,"Tạo, lưu trữ và trình ký các chứng từ nhập kho",Tra cứu & Lưu trữ chứng từ nhập [Web/Mobile],Lưu trữ và tra cứu lại danh sách chứng từ PDF phiếu nhập kho/BBBG đã phát hành trên Web và Mobile.,3,Medium,—,V1.0.0,planned,—,—,
US-080,Xuất kho,"Đồng bộ lệnh xuất từ SAP, điều phối picking, đóng gói, bàn giao & ký VOffice",Quản lý Lệnh Xuất kho,"Quản lý các loại lệnh xuất kho (Xuất bán, điều chuyển, cấp phát, trả NCC)",Xem danh sách lệnh xuất kho [Web/Mobile],"Với vai trò là **Thủ kho/Quản lý kho**, tôi muốn xem danh sách các lệnh xuất kho trên Web và Mobile và lọc theo trạng thái/loại xuất.",2,High,—,V1.0.0,planned,—,—,
US-081,Xuất kho,"Đồng bộ lệnh xuất từ SAP, điều phối picking, đóng gói, bàn giao & ký VOffice",Quản lý Lệnh Xuất kho,"Quản lý các loại lệnh xuất kho (Xuất bán, điều chuyển, cấp phát, trả NCC)",Xem chi tiết lệnh xuất kho [Web/Mobile],"Xem chi tiết lệnh xuất trên Web và Mobile với đầy đủ thông tin hàng hóa, chứng từ, task, đóng gói, vận chuyển, lịch sử.",3,High,—,V1.0.0,planned,—,—,
US-082,Xuất kho,"Đồng bộ lệnh xuất từ SAP, điều phối picking, đóng gói, bàn giao & ký VOffice",Quản lý Lệnh Xuất kho,"Quản lý các loại lệnh xuất kho (Xuất bán, điều chuyển, cấp phát, trả NCC)",Tìm kiếm & Lọc nâng cao lệnh xuất [Web/Mobile],"Tìm kiếm lệnh xuất kho theo bộ lọc nâng cao (kho xuất, ngày tạo, đối tác, loại hàng) trên Web và Mobile.",2,Medium,—,V1.0.0,planned,—,—,
US-083,Xuất kho,"Đồng bộ lệnh xuất từ SAP, điều phối picking, đóng gói, bàn giao & ký VOffice",Quản lý Lệnh Xuất kho,"Quản lý các loại lệnh xuất kho (Xuất bán, điều chuyển, cấp phát, trả NCC)",Export Excel danh sách lệnh xuất [Web],Export danh sách lệnh xuất kho ra file Excel theo bộ điều kiện tìm kiếm.,2,Low,—,V1.0.0,planned,—,—,
US-084,Xuất kho,"Đồng bộ lệnh xuất từ SAP, điều phối picking, đóng gói, bàn giao & ký VOffice",Quản lý Lệnh Xuất kho,"Quản lý các loại lệnh xuất kho (Xuất bán, điều chuyển, cấp phát, trả NCC)",Xác nhận & Duyệt lệnh xuất [Web/Mobile],Duyệt và tiếp nhận lệnh xuất kho trên Web và Mobile để chuyển sang bước tạo task lấy hàng.,3,High,—,V1.0.0,planned,—,—,
US-085-A,Xuất kho,"Đồng bộ lệnh xuất từ SAP, điều phối picking, đóng gói, bàn giao & ký VOffice",Quản lý Lệnh Xuất kho,"Quản lý các loại lệnh xuất kho (Xuất bán, điều chuyển, cấp phát, trả NCC)",Validate dữ liệu lệnh xuất từ SAP [System],Xử lý API tiếp nhận & kiểm tra tính hợp lệ dữ liệu payload lệnh xuất kho từ SAP/vERP.,2,High,—,V1.0.0,planned,—,—,
US-085-B,Xuất kho,"Đồng bộ lệnh xuất từ SAP, điều phối picking, đóng gói, bàn giao & ký VOffice",Quản lý Lệnh Xuất kho,"Quản lý các loại lệnh xuất kho (Xuất bán, điều chuyển, cấp phát, trả NCC)",Tạo Order Xuất & Sinh Task từ SAP [System],Khởi tạo đơn Order Xuất kho chính thức và tự động tạo các Task tác nghiệp tương ứng.,3,High,—,V1.0.0,planned,—,—,
US-086,Xuất kho,"Đồng bộ lệnh xuất từ SAP, điều phối picking, đóng gói, bàn giao & ký VOffice",Quản lý Lệnh Xuất kho,"Quản lý các loại lệnh xuất kho (Xuất bán, điều chuyển, cấp phát, trả NCC)",Tra cứu danh sách lệnh xuất cá nhân [Web/Mobile],"Với vai trò là **Thủ kho/Nhân viên kho**, tôi muốn xem danh sách lệnh xuất kho trên Web và Mobile để tiện theo dõi ngoài kho.",2,Medium,—,V1.0.0,planned,—,—,
US-088-A,Xuất kho,"Đồng bộ lệnh xuất từ SAP, điều phối picking, đóng gói, bàn giao & ký VOffice",Quản lý Lấy hàng (Picking),Điều phối sinh task lấy hàng trực tiếp từ đơn xuất,Áp dụng chiến lược gợi ý ô kệ nguồn [System],Phân tích tồn kho và áp dụng chiến lược FIFO / FEFO / vị trí kệ gần nhất để chỉ định ô kệ lấy hàng.,3,High,—,V1.0.0,planned,—,—,
US-088-B,Xuất kho,"Đồng bộ lệnh xuất từ SAP, điều phối picking, đóng gói, bàn giao & ký VOffice",Quản lý Lấy hàng (Picking),Điều phối sinh task lấy hàng trực tiếp từ đơn xuất,Khởi tạo Task Picking theo đơn xuất [System],Tự động phân tách và khởi tạo danh sách Task Picking lấy hàng chi tiết theo vị trí ô kệ cho nhân viên.,2,High,—,V1.0.0,planned,—,—,
US-089-A,Xuất kho,"Đồng bộ lệnh xuất từ SAP, điều phối picking, đóng gói, bàn giao & ký VOffice",Quản lý Lấy hàng (Picking),Điều phối sinh task lấy hàng trực tiếp từ đơn xuất,Hiển thị lộ trình lấy hàng Picking [Web/Mobile],Màn hình hiển thị danh sách hàng cần lấy và gợi ý lộ trình di chuyển tối ưu trong kho trên Web/Mobile.,2,High,—,V1.0.0,planned,—,—,
US-089-B,Xuất kho,"Đồng bộ lệnh xuất từ SAP, điều phối picking, đóng gói, bàn giao & ký VOffice",Quản lý Lấy hàng (Picking),Điều phối sinh task lấy hàng trực tiếp từ đơn xuất,Quét xác nhận lấy hàng RFID/Barcode [Web/Mobile],Quét mã RFID hoặc Barcode sản phẩm/thùng chứa để xác nhận lấy đúng SKU và số lượng cần xuất trên Web/Mobile.,3,High,—,V1.0.0,planned,—,—,
US-090,Xuất kho,"Đồng bộ lệnh xuất từ SAP, điều phối picking, đóng gói, bàn giao & ký VOffice",Quản lý Lấy hàng (Picking),Điều phối sinh task lấy hàng trực tiếp từ đơn xuất,Xác nhận lấy hàng thành công [Web/Mobile],Xác nhận đã lấy đủ số lượng sản phẩm từ ô kệ nguồn và tự động cập nhật trừ tồn tại vị trí đó trên Web và Mobile.,3,High,—,V1.0.0,planned,—,—,
US-091,Xuất kho,"Đồng bộ lệnh xuất từ SAP, điều phối picking, đóng gói, bàn giao & ký VOffice",Thực thi Xuất kho,"Đóng gói, tập kết khu chờ xuất và bàn giao vận chuyển",Tập kết hàng tại khu chờ xuất [Web/Mobile],Ghi nhận chuyển hàng đã lấy về khu vực tập kết chờ xuất (Staging Out Area) trên Web và Mobile.,3,High,—,V1.0.0,planned,—,—,
US-092,Xuất kho,"Đồng bộ lệnh xuất từ SAP, điều phối picking, đóng gói, bàn giao & ký VOffice",Thực thi Xuất kho,"Đóng gói, tập kết khu chờ xuất và bàn giao vận chuyển",Đóng gói & dán nhãn Shipping Label [Web/Mobile],"Kiểm đếm lại hàng hóa, đóng thùng carton/pallet và in dán nhãn giao hàng Shipping Label trên Web/Mobile.",3,High,—,V1.0.0,planned,—,—,
US-093,Xuất kho,"Đồng bộ lệnh xuất từ SAP, điều phối picking, đóng gói, bàn giao & ký VOffice",Thực thi Xuất kho,"Đóng gói, tập kết khu chờ xuất và bàn giao vận chuyển",Ký BBBG xuất kho [Web/Mobile],Bàn giao hàng hóa cho đối tác/nhà xe và ký xác nhận Biên bản bàn giao xuất kho trên Web/Mobile.,3,High,—,V1.0.0,planned,—,—,
US-094,Xuất kho,"Đồng bộ lệnh xuất từ SAP, điều phối picking, đóng gói, bàn giao & ký VOffice",Thực thi Xuất kho,"Đóng gói, tập kết khu chờ xuất và bàn giao vận chuyển",Thực xuất kho [Web/Mobile],Ghi nhận thực xuất kho hoàn tất và cập nhật trừ số lượng tồn kho tổng thể trên Web và Mobile.,3,High,—,V1.0.0,planned,—,—,
US-095,Xuất kho,"Đồng bộ lệnh xuất từ SAP, điều phối picking, đóng gói, bàn giao & ký VOffice",Thực thi Xuất kho,"Đóng gói, tập kết khu chờ xuất và bàn giao vận chuyển",Chụp ảnh minh chứng xuất kho [Web/Mobile],Chụp ảnh thực tế kiện hàng và xe vận chuyển làm minh chứng hoàn thành task xuất kho trên Web/Mobile.,3,High,—,V1.0.0,planned,—,—,
US-096-A,Xuất kho,"Đồng bộ lệnh xuất từ SAP, điều phối picking, đóng gói, bàn giao & ký VOffice",Thực thi Xuất kho,"Đóng gói, tập kết khu chờ xuất và bàn giao vận chuyển",Tổng hợp dữ liệu thực xuất kho [System],Tổng hợp số lượng thực tế đã xuất và tự động cập nhật giảm số lượng tồn kho khả dụng.,2,High,—,V1.0.0,planned,—,—,
US-096-B,Xuất kho,"Đồng bộ lệnh xuất từ SAP, điều phối picking, đóng gói, bàn giao & ký VOffice",Thực thi Xuất kho,"Đóng gói, tập kết khu chờ xuất và bàn giao vận chuyển",Đồng bộ dữ liệu giảm tồn về SAP [System],Gửi API xác nhận hoàn thành thực xuất và đối soát giảm tồn kho ngược về hệ thống SAP/vERP.,3,High,—,V1.0.0,planned,—,—,
US-061-A,Xuất kho,Quản lý chứng từ & phiếu xuất kho dưới dạng PDF và trình ký VOffice,Quản lý Tài liệu Xuất kho,"Tạo, lưu trữ và trình ký các chứng từ xuất kho",Render template PDF Phiếu Xuất Kho [Web/Mobile],Thiết kế & tổng hợp dữ liệu order xuất kho để render ra file tệp PDF Phiếu Xuất Kho.,3,High,sprint 2,V1.0.0,committed,16/08/2026,30/08/2026,
US-061-B,Xuất kho,Quản lý chứng từ & phiếu xuất kho dưới dạng PDF và trình ký VOffice,Quản lý Tài liệu Xuất kho,"Tạo, lưu trữ và trình ký các chứng từ xuất kho",Preview & In Phiếu Xuất Kho [Web/Mobile],Xem trước (Preview) và kết nối máy in để in Phiếu Xuất Kho trên Web và Mobile.,2,High,sprint 2,V1.0.0,committed,16/08/2026,30/08/2026,
US-097,Xuất kho,Quản lý chứng từ & phiếu xuất kho dưới dạng PDF và trình ký VOffice,Quản lý Tài liệu Xuất kho,"Tạo, lưu trữ và trình ký các chứng từ xuất kho",Tạo PDF BBBG Xuất kho [Web/Mobile],Tạo biên bản bàn giao hàng xuất kho có đầy đủ chữ ký các bên để lưu hồ sơ chứng từ trên Web/Mobile.,3,High,—,V1.0.0,planned,—,—,
US-098-A,Xuất kho,Quản lý chứng từ & phiếu xuất kho dưới dạng PDF và trình ký VOffice,Quản lý Tài liệu Xuất kho,"Tạo, lưu trữ và trình ký các chứng từ xuất kho",Tạo hồ sơ trình ký VOffice đơn xuất [Web/Mobile],Đóng gói tệp PDF phiếu xuất kho và cấu hình luồng danh sách người ký duyệt VOffice.,2,High,—,V1.0.0,planned,—,—,
US-098-B,Xuất kho,Quản lý chứng từ & phiếu xuất kho dưới dạng PDF và trình ký VOffice,Quản lý Tài liệu Xuất kho,"Tạo, lưu trữ và trình ký các chứng từ xuất kho",Gửi trình ký & Nhận phản hồi VOffice xuất [Web/Mobile],Gửi luồng trình ký đơn phiếu xuất sang VOffice và cập nhật trạng thái phê duyệt tự động.,3,High,—,V1.0.0,planned,—,—,
US-099-A,Xuất kho,Quản lý chứng từ & phiếu xuất kho dưới dạng PDF và trình ký VOffice,Quản lý Tài liệu Xuất kho,"Tạo, lưu trữ và trình ký các chứng từ xuất kho",Gom hồ sơ trình ký hàng loạt phiếu xuất [Web/Mobile],Chọn danh sách nhiều phiếu xuất kho và tổng hợp hồ sơ trình ký tập trung.,2,High,—,V1.0.0,planned,—,—,
US-099-B,Xuất kho,Quản lý chứng từ & phiếu xuất kho dưới dạng PDF và trình ký VOffice,Quản lý Tài liệu Xuất kho,"Tạo, lưu trữ và trình ký các chứng từ xuất kho",Gửi trình ký hàng loạt xuất sang VOffice [Web/Mobile],Thực thi gửi trình ký hàng loạt các phiếu xuất kho sang VOffice và nhận kết quả phản hồi.,3,High,—,V1.0.0,planned,—,—,
US-100,Xuất kho,Quản lý chứng từ & phiếu xuất kho dưới dạng PDF và trình ký VOffice,Quản lý Tài liệu Xuất kho,"Tạo, lưu trữ và trình ký các chứng từ xuất kho",Tra cứu & Lưu trữ chứng từ xuất [Web/Mobile],Lưu trữ và tra cứu danh sách các chứng từ PDF phiếu xuất kho/BBBG đã trình ký trên Web và Mobile.,3,Medium,—,V1.0.0,planned,—,—,
US-101,Vận chuyển,"Lập kế hoạch chuyến xe, gán phương tiện/tài xế, quản lý ra vào cổng kho và giao nhận POD",Kế hoạch Vận chuyển,Lập chuyến xe và điều phối phương tiện giao nhận,Lập kế hoạch chuyến xe [Web/Mobile],"Tạo chuyến xe vận chuyển (Shipment Trip), gom các lệnh nhập/xuất kho vào chuyến trên Web và Mobile.",3,High,—,V1.0.0,planned,—,—,
US-102,Vận chuyển,"Lập kế hoạch chuyến xe, gán phương tiện/tài xế, quản lý ra vào cổng kho và giao nhận POD",Kế hoạch Vận chuyển,Lập chuyến xe và điều phối phương tiện giao nhận,Gán phương tiện & tài xế [Web/Mobile],"Phân công xe tải, tài xế phụ trách cho chuyến xe trên Web và Mobile.",3,High,—,V1.0.0,planned,—,—,
US-103-A,Vận chuyển,"Lập kế hoạch chuyến xe, gán phương tiện/tài xế, quản lý ra vào cổng kho và giao nhận POD",Kế hoạch Vận chuyển,Lập chuyến xe và điều phối phương tiện giao nhận,Tính toán tổng tải trọng chuyến xe [System],Hệ thống tự động tính toán tổng khối lượng và thể tích của tất cả kiện hàng thuộc chuyến xe.,2,Medium,—,V1.0.0,planned,—,—,
US-103-B,Vận chuyển,"Lập kế hoạch chuyến xe, gán phương tiện/tài xế, quản lý ra vào cổng kho và giao nhận POD",Kế hoạch Vận chuyển,Lập chuyến xe và điều phối phương tiện giao nhận,Đề xuất sơ đồ xếp hàng lên xe [System],Đề xuất sơ đồ xếp hàng hóa tối ưu lên không gian thùng xe tải để đảm bảo an toàn vận tải.,3,Medium,—,V1.0.0,planned,—,—,
US-104,Vận chuyển,"Lập kế hoạch chuyến xe, gán phương tiện/tài xế, quản lý ra vào cổng kho và giao nhận POD",Quản lý Cổng kho,Kiểm soát xe vào/ra cổng và lịch hẹn đỗ bến,Đăng ký lịch hẹn xe lọt dock [Web/Mobile],Đăng ký mốc giờ xe dự kiến đến kho (Dock Appointment) trên Web và Mobile.,3,Medium,—,V1.0.0,planned,—,—,
US-105,Vận chuyển,"Lập kế hoạch chuyến xe, gán phương tiện/tài xế, quản lý ra vào cổng kho và giao nhận POD",Quản lý Cổng kho,Kiểm soát xe vào/ra cổng và lịch hẹn đỗ bến,Kiểm soát xe vào/ra cổng [Web/Mobile],Bảo vệ quét mã QR/RFID biển số xe trên Mobile hoặc Web để ghi nhận mốc thời gian Cổng vào / Cổng ra thực tế.,3,High,—,V1.0.0,planned,—,—,
US-106,Vận chuyển,"Lập kế hoạch chuyến xe, gán phương tiện/tài xế, quản lý ra vào cổng kho và giao nhận POD",Quản lý Cổng kho,Kiểm soát xe vào/ra cổng và lịch hẹn đỗ bến,Giám sát thời gian chờ xe tại cổng [Web/Mobile],Cảnh báo các xe đỗ chờ quá thời gian tiêu chuẩn (Dock Turnaround Time) trên Web và Mobile.,3,Medium,—,V1.0.0,planned,—,—,
US-107,Vận chuyển,"Lập kế hoạch chuyến xe, gán phương tiện/tài xế, quản lý ra vào cổng kho và giao nhận POD",Giám sát Lộ trình & POD,Theo dõi hành trình chuyến xe và xác nhận giao hàng POD,Theo dõi tiến độ chuyến xe [Web/Mobile],Cập nhật và theo dõi trạng thái chuyến xe (Đang lấy hàng -> Đang vận chuyển -> Đã giao) trên Web và Mobile.,3,High,—,V1.0.0,planned,—,—,
US-108-A,Vận chuyển,"Lập kế hoạch chuyến xe, gán phương tiện/tài xế, quản lý ra vào cổng kho và giao nhận POD",Giám sát Lộ trình & POD,Theo dõi hành trình chuyến xe và xác nhận giao hàng POD,Chụp ảnh minh chứng giao hàng POD [Web/Mobile],Tài xế chụp ảnh minh chứng thực tế kiện hàng đã bàn giao thành công tại điểm đích trên Web/Mobile.,2,High,—,V1.0.0,planned,—,—,
US-108-B,Vận chuyển,"Lập kế hoạch chuyến xe, gán phương tiện/tài xế, quản lý ra vào cổng kho và giao nhận POD",Giám sát Lộ trình & POD,Theo dõi hành trình chuyến xe và xác nhận giao hàng POD,Thu thập chữ ký điện tử POD [Web/Mobile],Thu thập chữ ký điện tử người nhận trên màn hình Web/Mobile và hoàn tất xác nhận chứng từ giao hàng POD.,3,High,—,V1.0.0,planned,—,—,
US-109,Vận chuyển,"Lập kế hoạch chuyến xe, gán phương tiện/tài xế, quản lý ra vào cổng kho và giao nhận POD",Giám sát Lộ trình & POD,Theo dõi hành trình chuyến xe và xác nhận giao hàng POD,Bàn giao chứng từ vận tải [Web/Mobile],"Đối soát và bàn giao lại chứng từ vận tải, chi phí cầu đường sau khi chuyến xe hoàn thành trên Web và Mobile.",3,Medium,—,V1.0.0,planned,—,—,
US-110,Dashboard,"Báo cáo trực quan tồn kho, tiến độ lệnh, năng suất SLA/KPI và sơ đồ 2D Heatmap",Operational Dashboard,Trực quan hóa tình hình vận hành kho thời gian thực,Dashboard tổng quan tồn kho [Web/Mobile],"Hiển thị biểu đồ tồn kho tổng thể, số SKU, tổng giá trị tài sản và tỷ lệ lấp đầy kho trên Web và Mobile.",3,High,—,V1.0.0,planned,—,—,
US-111,Dashboard,"Báo cáo trực quan tồn kho, tiến độ lệnh, năng suất SLA/KPI và sơ đồ 2D Heatmap",Operational Dashboard,Trực quan hóa tình hình vận hành kho thời gian thực,Dashboard tiến độ lệnh Nhập/Xuất [Web/Mobile],"Theo dõi tiến độ hoàn thành các lệnh Nhập, lệnh Xuất và các chuyến xe vận chuyển theo real-time trên Web và Mobile.",3,High,—,V1.0.0,planned,—,—,
US-049,Dashboard,"Báo cáo trực quan tồn kho, tiến độ lệnh, năng suất SLA/KPI và sơ đồ 2D Heatmap",Operational Dashboard,Trực quan hóa tình hình vận hành kho thời gian thực,Dashboard thống kê lệnh nhập & task [Web/Mobile],"Hiển thị tổng quan tồn kho, phân bổ tồn, hiệu suất vận hành hệ thống, quản lý lệnh và phân bổ tải task trên Web và Mobile.",3,Low,sprint 1,V1.0.0,developing,01/08/2026,15/08/2026,
US-112,Dashboard,"Báo cáo trực quan tồn kho, tiến độ lệnh, năng suất SLA/KPI và sơ đồ 2D Heatmap",Operational Dashboard,Trực quan hóa tình hình vận hành kho thời gian thực,Dashboard vận hành nhanh [Web/Mobile],"Xem widget tóm tắt chỉ số vận hành chính (Tồn kho, Task chậm SLA) trên Web và Mobile.",3,Medium,—,V1.0.0,planned,—,—,
US-113,Dashboard,"Báo cáo trực quan tồn kho, tiến độ lệnh, năng suất SLA/KPI và sơ đồ 2D Heatmap",Performance & SLA,Đánh giá tỷ lệ SLA và năng suất làm việc của nhân sự,Dashboard tỷ lệ đáp ứng SLA [Web/Mobile],Báo cáo chi tiết tỷ lệ hoàn thành task đúng hạn SLA cho từng loại bước quy trình nghiệp vụ trên Web và Mobile.,3,Medium,—,V1.0.0,planned,—,—,
US-114,Dashboard,"Báo cáo trực quan tồn kho, tiến độ lệnh, năng suất SLA/KPI và sơ đồ 2D Heatmap",Performance & SLA,Đánh giá tỷ lệ SLA và năng suất làm việc của nhân sự,Báo cáo năng suất nhân viên [Web/Mobile],"Thống kê số lượng task hoàn thành, sản lượng dỡ/xếp/picking của từng nhân viên kho và lái xe nâng trên Web và Mobile.",3,Medium,—,V1.0.0,planned,—,—,
US-115-A,Dashboard,"Báo cáo trực quan tồn kho, tiến độ lệnh, năng suất SLA/KPI và sơ đồ 2D Heatmap",Visual 2D Heatmap,Bản đồ mặt bằng kho trực quan dạng nhiệt,Render Heatmap 2D mặt bằng kho [Web/Mobile],Render sơ đồ 2D mặt bằng kho với dải màu thể hiện mật độ tồn kho và tần suất xuất nhập trên Web và Mobile.,3,Medium,—,V1.0.0,planned,—,—,
US-115-B,Dashboard,"Báo cáo trực quan tồn kho, tiến độ lệnh, năng suất SLA/KPI và sơ đồ 2D Heatmap",Visual 2D Heatmap,Bản đồ mặt bằng kho trực quan dạng nhiệt,Bộ lọc hiển thị Heatmap kho [Web/Mobile],"Lọc và chuyển đổi chế độ xem Heatmap theo chủng loại hàng hóa, khu vực Zone và chu kỳ thời gian.",2,Medium,—,V1.0.0,planned,—,—,
US-116,Dashboard,"Báo cáo trực quan tồn kho, tiến độ lệnh, năng suất SLA/KPI và sơ đồ 2D Heatmap",Visual 2D Heatmap,Bản đồ mặt bằng kho trực quan dạng nhiệt,Click tra cứu ô kệ trên sơ đồ 2D [Web/Mobile],Cho phép người dùng chạm/bấm trực tiếp vào từng vị trí ô kệ trên sơ đồ 2D để xem danh mục SKU tồn kho (Web và Mobile).,3,Medium,—,V1.0.0,planned,—,—,
US-117,Quy hoạch kho,"Thiết lập sơ đồ mặt bằng kho 2D Canvas, cấu hình phân khu Zone, ô kệ Bin/Rack và gán RFID",Layout Editor 2D,Công cụ thiết kế mặt bằng kho hai bước (Phase 1 Modal & Phase 2 Canvas),Khởi tạo thông tin kho & ranh giới [Web],"Khởi tạo mã kho, tên kho, địa chỉ, Plant/SLoc phụ trách và thiết lập ranh giới kho trên Web.",3,High,sprint 2,V1.0.0,committed,16/08/2026,30/08/2026,
US-118,Quy hoạch kho,"Thiết lập sơ đồ mặt bằng kho 2D Canvas, cấu hình phân khu Zone, ô kệ Bin/Rack và gán RFID",Layout Editor 2D,Công cụ thiết kế mặt bằng kho hai bước (Phase 1 Modal & Phase 2 Canvas),Phase 1: Cấu hình thông số kho [Web],"Khai báo chiều dài, chiều rộng, chiều cao kho qua Modal để hệ thống tự tính diện tích và thể tích kho.",3,High,sprint 2,V1.0.0,committed,16/08/2026,30/08/2026,
US-119-A,Quy hoạch kho,"Thiết lập sơ đồ mặt bằng kho 2D Canvas, cấu hình phân khu Zone, ô kệ Bin/Rack và gán RFID",Layout Editor 2D,Công cụ thiết kế mặt bằng kho hai bước (Phase 1 Modal & Phase 2 Canvas),Thiết kế khung lưới ô kệ trên Canvas [Web],Bộ công cụ vẽ và khởi tạo sơ đồ khung lưới ô kệ (Rack/Aisle Grid) trực quan trên 2D Canvas Editor.,3,High,sprint 2,V1.0.0,committed,16/08/2026,30/08/2026,
US-119-B,Quy hoạch kho,"Thiết lập sơ đồ mặt bằng kho 2D Canvas, cấu hình phân khu Zone, ô kệ Bin/Rack và gán RFID",Layout Editor 2D,Công cụ thiết kế mặt bằng kho hai bước (Phase 1 Modal & Phase 2 Canvas),Kéo thả định vị phân khu & lối đi [Web],"Thao tác kéo thả định vị Phân khu Zone, Lối đi di chuyển và Cổng ra/vào trên sơ đồ Canvas kho 2D.",3,High,sprint 2,V1.0.0,committed,16/08/2026,30/08/2026,
US-120,Quy hoạch kho,"Thiết lập sơ đồ mặt bằng kho 2D Canvas, cấu hình phân khu Zone, ô kệ Bin/Rack và gán RFID",Layout Editor 2D,Công cụ thiết kế mặt bằng kho hai bước (Phase 1 Modal & Phase 2 Canvas),Xem chi tiết & Export sơ đồ kho [Web/Mobile],Xem lại toàn bộ sơ đồ mặt bằng kho 2D đã quy hoạch và export bản đồ dưới dạng hình ảnh/file vector trên Web và Mobile.,2,Medium,sprint 2,V1.0.0,committed,16/08/2026,30/08/2026,
US-121,Quy hoạch kho,"Thiết lập sơ đồ mặt bằng kho 2D Canvas, cấu hình phân khu Zone, ô kệ Bin/Rack và gán RFID",Zone & Location Taxonomy,"Cấu hình khu vực lưu trữ, ô kệ và gán thuộc tính tải trọng",Cấu hình Phân khu Zone Taxonomy [Web/Mobile],"Định nghĩa và phân loại các vùng chức năng (Zone hàng nguyên, Zone hàng lẻ, Zone chờ nhập, Bãi bến) trên Web và Mobile.",3,High,sprint 2,V1.0.0,committed,16/08/2026,30/08/2026,
US-122,Quy hoạch kho,"Thiết lập sơ đồ mặt bằng kho 2D Canvas, cấu hình phân khu Zone, ô kệ Bin/Rack và gán RFID",Zone & Location Taxonomy,"Cấu hình khu vực lưu trữ, ô kệ và gán thuộc tính tải trọng",Quản lý chi tiết vị trí lưu trữ [Web/Mobile],Quản lý mã vị trí chuẩn cấu trúc (Plant-SLoc-Zone-Aisle-Rack-Layer-Bin) và mô tả chi tiết ô kệ trên Web và Mobile.,3,High,sprint 2,V1.0.0,committed,16/08/2026,30/08/2026,
US-123,Quy hoạch kho,"Thiết lập sơ đồ mặt bằng kho 2D Canvas, cấu hình phân khu Zone, ô kệ Bin/Rack và gán RFID",Zone & Location Taxonomy,"Cấu hình khu vực lưu trữ, ô kệ và gán thuộc tính tải trọng",Cấu hình sức chứa & tải trọng ô kệ [Web/Mobile],"Thiết lập tải trọng tối đa, thể tích chứa và loại sản phẩm cho phép lưu trữ tại từng vị trí ô kệ trên Web và Mobile.",3,High,sprint 2,V1.0.0,committed,16/08/2026,30/08/2026,
US-124,Quy hoạch kho,"Thiết lập sơ đồ mặt bằng kho 2D Canvas, cấu hình phân khu Zone, ô kệ Bin/Rack và gán RFID",Zone & Location Taxonomy,"Cấu hình khu vực lưu trữ, ô kệ và gán thuộc tính tải trọng",Scan RFID / Barcode đối soát ô kệ [Web/Mobile],Quét mã RFID hoặc Barcode dán tại vị trí ô kệ bằng thiết bị Mobile hoặc Web để đối soát thông tin vị trí thực tế.,3,Medium,sprint 2,V1.0.0,committed,16/08/2026,30/08/2026,
US-125-A,Quy hoạch kho,"Thiết lập sơ đồ mặt bằng kho 2D Canvas, cấu hình phân khu Zone, ô kệ Bin/Rack và gán RFID",Slotting Optimization,Thiết lập quy tắc xếp hàng thông minh và đề xuất vị trí,Phân loại chỉ số luân chuyển ABC [Web],Cấu hình nhóm phân loại sản phẩm theo chỉ số luân chuyển ABC và tốc độ xuất nhập hàng trên Web.,2,Medium,sprint 2,V1.0.0,committed,16/08/2026,30/08/2026,
US-125-B,Quy hoạch kho,"Thiết lập sơ đồ mặt bằng kho 2D Canvas, cấu hình phân khu Zone, ô kệ Bin/Rack và gán RFID",Slotting Optimization,Thiết lập quy tắc xếp hàng thông minh và đề xuất vị trí,Thiết lập luật phân bổ lưu kho [Web],"Định nghĩa quy tắc tự động gộp vị trí lưu kho theo quy cách đóng gói, kích thước và trọng lượng sản phẩm.",3,Medium,sprint 2,V1.0.0,committed,16/08/2026,30/08/2026,
US-126-A,Quy hoạch kho,"Thiết lập sơ đồ mặt bằng kho 2D Canvas, cấu hình phân khu Zone, ô kệ Bin/Rack và gán RFID",Slotting Optimization,Thiết lập quy tắc xếp hàng thông minh và đề xuất vị trí,Phân tích dung lượng & nghẽn ô kệ [Web/Mobile],Tự động phân tích hiệu suất sử dụng thể tích ô kệ và cảnh báo điểm nghẽn hành trình lấy hàng trên Web/Mobile.,2,Medium,sprint 2,V1.0.0,committed,16/08/2026,30/08/2026,
US-126-B,Quy hoạch kho,"Thiết lập sơ đồ mặt bằng kho 2D Canvas, cấu hình phân khu Zone, ô kệ Bin/Rack và gán RFID",Slotting Optimization,Thiết lập quy tắc xếp hàng thông minh và đề xuất vị trí,Đề xuất nhiệm vụ đảo chuyển ô kệ [Web/Mobile],Đề xuất danh sách các lệnh đảo chuyển vị trí tồn kho thông minh để tối ưu diện tích lưu trữ trên Web/Mobile.,3,Medium,sprint 2,V1.0.0,committed,16/08/2026,30/08/2026,
US-127,Trang chủ & Cá nhân,Trang chủ cá nhân hóa theo role và quản lý hồ sơ cá nhân trên Web và Mobile,Trang chủ Web & Mobile,Màn hình làm việc chính cho người dùng toàn hệ thống,Trang chủ tổng quan hệ thống [Web/Mobile],"Hiển thị màn hình chính trên Web và Mobile với widget công việc cần làm, tin thông báo mới và shortcut truy cập nhanh.",3,High,—,V1.0.0,planned,—,—,
US-128,Trang chủ & Cá nhân,Trang chủ cá nhân hóa theo role và quản lý hồ sơ cá nhân trên Web và Mobile,Trang chủ Web & Mobile,Màn hình làm việc chính cho người dùng toàn hệ thống,Tùy biến widget Trang chủ [Web/Mobile],Cho phép người dùng tùy chỉnh bố cục widget và ghim các chức năng thường dùng (Quick Actions) trên Web và Mobile.,2,Low,—,V1.0.0,planned,—,—,
US-129,Trang chủ & Cá nhân,Trang chủ cá nhân hóa theo role và quản lý hồ sơ cá nhân trên Web và Mobile,Trang chủ Web & Mobile,Màn hình làm việc chính cho người dùng toàn hệ thống,Trang chủ cá nhân hóa theo Role [Web/Mobile],"Hiển thị Trang chủ Web và Mobile cá nhân hóa giao diện cho từng vai trò (Thủ kho, Xe nâng, Phụ kho, Bảo vệ).",3,High,—,V1.0.0,planned,—,—,
US-130,Trang chủ & Cá nhân,Trang chủ cá nhân hóa theo role và quản lý hồ sơ cá nhân trên Web và Mobile,Trang chủ Web & Mobile,Màn hình làm việc chính cho người dùng toàn hệ thống,Danh sách Task chờ claim trên Trang chủ [Web/Mobile],Hiển thị danh sách các task được giao và task đang chờ claim trực tiếp ngay trên Trang chủ Web và Mobile.,3,High,—,V1.0.0,planned,—,—,
US-131,Trang chủ & Cá nhân,Trang chủ cá nhân hóa theo role và quản lý hồ sơ cá nhân trên Web và Mobile,Trang chủ Web & Mobile,Màn hình làm việc chính cho người dùng toàn hệ thống,Nút Quét nhanh Scan QR/RFID [Web/Mobile],Đặt nút Quét nhanh Barcode/QR/RFID nổi bật ngay tại Trang chủ Web và Mobile để mở camera/máy đọc tức thì.,2,High,—,V1.0.0,planned,—,—,
US-132,Trang chủ & Cá nhân,Trang chủ cá nhân hóa theo role và quản lý hồ sơ cá nhân trên Web và Mobile,Trang chủ Web & Mobile,Màn hình làm việc chính cho người dùng toàn hệ thống,Badge đếm số việc chưa hoàn thành [Web/Mobile],Hiển thị trung tâm thông báo và badge đỏ đếm số lượng công việc tồn đọng chưa xử lý trên Web và Mobile.,2,Medium,—,V1.0.0,planned,—,—,
US-133,Trang chủ & Cá nhân,Trang chủ cá nhân hóa theo role và quản lý hồ sơ cá nhân trên Web và Mobile,Hồ sơ cá nhân,Quản lý thông tin tài khoản và tùy chọn người dùng,Xem thông tin cá nhân [Web/Mobile],"Xem thông tin tài khoản bao gồm Mã NV, Họ tên, Chức vụ, Email, SĐT và danh sách Plant/SLoc phụ trách trên Web và Mobile.",2,Low,—,V1.0.0,planned,—,—,
US-134,Trang chủ & Cá nhân,Trang chủ cá nhân hóa theo role và quản lý hồ sơ cá nhân trên Web và Mobile,Hồ sơ cá nhân,Quản lý thông tin tài khoản và tùy chọn người dùng,Đổi mật khẩu & cài đặt giao diện [Web/Mobile],"Thực hiện đổi mật khẩu tài khoản và cài đặt chế độ hiển thị (Sáng/Tối), ngôn ngữ trên Web và Mobile.",2,Low,—,V1.0.0,planned,—,—,
US-135,Trang chủ & Cá nhân,Trang chủ cá nhân hóa theo role và quản lý hồ sơ cá nhân trên Web và Mobile,Hồ sơ cá nhân,Quản lý thông tin tài khoản và tùy chọn người dùng,Xem Nhật ký hoạt động cá nhân [Web/Mobile],"Tra cứu lịch sử đăng nhập, lịch sử thao tác dữ liệu của chính tài khoản trên hệ thống Web và Mobile.",2,Low,—,V1.0.0,planned,—,—,
US-136,Trang chủ & Cá nhân,Trang chủ cá nhân hóa theo role và quản lý hồ sơ cá nhân trên Web và Mobile,Hồ sơ cá nhân,Quản lý thông tin tài khoản và tùy chọn người dùng,Xem hồ sơ cá nhân & vai trò tác nghiệp [Web/Mobile],"Xem thông tin cá nhân, hình đại diện và vai trò tác nghiệp hiện tại trên màn hình Web và Mobile.",2,Low,—,V1.0.0,planned,—,—,
US-137,Trang chủ & Cá nhân,Trang chủ cá nhân hóa theo role và quản lý hồ sơ cá nhân trên Web và Mobile,Hồ sơ cá nhân,Quản lý thông tin tài khoản và tùy chọn người dùng,Bật/Tắt xác thực sinh trắc học [Mobile],Bật hoặc tắt tính năng Đăng nhập nhanh bằng Vân tay / Face ID trong phần cài đặt Mobile.,2,Medium,—,V1.0.0,planned,—,—,
US-138,Trang chủ & Cá nhân,Trang chủ cá nhân hóa theo role và quản lý hồ sơ cá nhân trên Web và Mobile,Hồ sơ cá nhân,Quản lý thông tin tài khoản và tùy chọn người dùng,Cài đặt Push Notification [Web/Mobile],"Tùy chỉnh nhận thông báo Push Notification (bật/tắt âm thanh, rung, chọn loại tin cảnh báo) trên Web và Mobile.",2,Medium,—,V1.0.0,planned,—,—,
US-139,Trang chủ & Cá nhân,Trang chủ cá nhân hóa theo role và quản lý hồ sơ cá nhân trên Web và Mobile,Hồ sơ cá nhân,Quản lý thông tin tài khoản và tùy chọn người dùng,Đổi mật khẩu & Đăng xuất [Web/Mobile],Đổi mật khẩu tài khoản và thực hiện đăng xuất an toàn khỏi ứng dụng Web và Mobile.,2,Medium,—,V1.0.0,planned,—,—,
